title,body,labels,assignee,milestone
"[SETUP-01] Create Repository Structure & Documentation Folders","Initialize Git repository structure with all required folders and documentation templates. Create README.md with project overview. Setup .gitignore for security files. Ensure all team members can access.","phase-1-setup,type-setup,priority-p1","Project Lead","Phase 1: Setup"
"[SETUP-02] Create Environment Configuration Files","Document SSAS connection strings for Dev, UAT, Prod environments. Secure credentials using environment variables. Validate connectivity. Document fallback procedures.","phase-1-setup,type-setup,priority-p1","Technical Lead","Phase 1: Setup"
"[SETUP-03] Initialize Power BI Project File","Create initial Power BI Desktop file with proper structure. Apply theme and branding. Create report tabs: Overview, Detailed Analysis, Executive Summary. Configure RLS template.","phase-1-setup,type-setup,priority-p1","Power BI Developer","Phase 1: Setup"
"[SETUP-04] Initialize Excel Template","Create Excel template file with Power Query structure. Setup macro framework for refresh button. Create sheet tabs for Summary and Pivot tables. Configure formulas.","phase-1-setup,type-setup,priority-p1","Excel Developer","Phase 1: Setup"
"[SETUP-05] Create PowerShell Script Stubs","Create template PowerShell scripts for data refresh. Build error notification functions. Add audit logging structure. Document parameter usage.","phase-1-setup,type-setup,priority-p1","Automation Engineer","Phase 1: Setup"
"[SETUP-06] Set Up Git Branching & Workflows","Configure Git branching strategy (main/dev/feature). Create pull request template. Establish code review process. Setup branch protection on main.","phase-1-setup,type-setup,priority-p1","DevOps Lead","Phase 1: Setup"
"[GOV-01] Configure SSAS Connectivity Tests","Setup automated tests for SSAS cube connectivity across environments. Create daily test schedule. Configure alert system for failures.","phase-1-governance,type-governance,priority-p1","Quality Assurance","Phase 1.5: Governance"
"[GOV-02] Setup Audit Logging Framework","Create audit logging for all data access. Log Power BI events and Excel user activity. Retain logs for 90 days. Create audit dashboard.","phase-1-governance,type-governance,priority-p1","Security Officer","Phase 1.5: Governance"
"[GOV-03] Configure Error Notification System","Setup automated error notifications for data refresh failures. Integrate with email, Slack, and Teams. Define escalation procedures.","phase-1-governance,type-governance,priority-p1","DevOps Lead","Phase 1.5: Governance"
"[GOV-04] Setup Power BI Service Workspace & Security","Create Power BI Service workspace. Configure admin, member, and contributor roles. Setup RLS roles. Configure data gateway.","phase-1-governance,type-governance,priority-p1","Power BI Admin","Phase 1.5: Governance"
"[DATA-01] Export SSAS Cube Schema & Documentation","Extract and document SSAS cube structure including measures, dimensions, and hierarchies. Create data dictionary. Document relationships.","phase-2-data,type-data,priority-p1","Data Analyst","Phase 2: Data"
"[DATA-02] Query SSAS Cube & Validate Measure Data","Execute test queries against SSAS cube. Validate measure calculations for Revenue, Profit, Margin. Verify data completeness. Benchmark performance.","phase-2-data,type-data,priority-p1","Data Analyst","Phase 2: Data"
"[DATA-03] Verify SSAS Relationships & Hierarchies","Validate relationships and hierarchies in SSAS cube. Test drill-down functionality. Verify aggregation paths. Confirm no circular references.","phase-2-data,type-data,priority-p1","Data Analyst","Phase 2: Data"
"[DATA-04] Create SSAS Baseline for Validation","Create and store baseline dataset from SSAS as reference. Version-control baseline export. Record timestamp. Document validation procedures.","phase-2-data,type-data,priority-p1","Data Analyst","Phase 2: Data"
"[DATA-05] Test Power BI SSAS Connection","Establish Power BI connection to SSAS cube. Test single user and service principal authentication. Validate connection performance.","phase-2-data,type-data,priority-p1","Power BI Developer","Phase 2: Data"
"[DATA-06] Verify Data Relationships in Power BI","Verify that SSAS relationships are properly imported in Power BI. Test many-to-many relationships. Validate cross-filter behavior.","phase-2-data,type-data,priority-p1","Power BI Developer","Phase 2: Data"
"[VIZ-01] Create Line Chart - Monthly Total Revenue","Create line chart showing monthly revenue trends (01/01/2024 to 03/31/2024). Add trend line. Format legend and labels. Enable interactive tooltip.","phase-3-viz,type-visualization,priority-p1","Power BI Developer","Phase 3: Visualizations"
"[VIZ-02] Create Bar Chart - Profit Margin by Region","Create bar chart (horizontal) showing profit margin by region (North, South, East, West). Add data labels. Apply color differentiation.","phase-3-viz,type-visualization,priority-p1","Power BI Developer","Phase 3: Visualizations"
"[VIZ-03] Create Table - Summary by Department","Create table with Department, Revenue, Cost, Profit, Margin% columns. Add total row. Apply conditional formatting on Margin%. Enable sorting.","phase-3-viz,type-visualization,priority-p1","Power BI Developer","Phase 3: Visualizations"
"[FILTER-01] Create Date Range Slicer","Create date range slicer with 90-day default. Connect to all visualizations. Enable between filter. Use MM/DD/YYYY format.","phase-4-filters,type-filter,priority-p1","Power BI Developer","Phase 4: Filters"
"[FILTER-02] Create Department Multi-Select Slicer","Create multi-select department slicer. Enable Select All/None buttons. Connect to revenue and profit visualizations. Add clear button.","phase-4-filters,type-filter,priority-p1","Power BI Developer","Phase 4: Filters"
"[FORMAT-01] Apply Corporate Branding & Colors","Apply corporate color palette to all visualizations. Set consistent font family. Add logo to report header. Verify branding guide compliance.","phase-5-format,type-formatting,priority-p1","Power BI Designer","Phase 5: Formatting"
"[TEST-US1-01] Test User Story 1 - Power BI Dashboard","Test all visualizations rendering. Verify slicer functionality. Check data refresh. Confirm performance (< 5 seconds). Publish to Power BI Service.","phase-6-test,type-test,priority-p1","Quality Assurance","Phase 6: Testing"
"[EXCEL-01] Create Power Query Connection to SSAS (Excel)","Setup Power Query in Excel connecting to SSAS cube. Create and test SSAS query. Verify data refresh. Secure credentials.","phase-7-excel,type-excel,priority-p1","Excel Developer","Phase 7: Excel"
"[EXCEL-02] Create Summary Sheet","Create Excel summary sheet with Revenue, Profit, Margin metrics. Add monthly comparison. Include YoY growth calculations. Show update date.","phase-7-excel,type-excel,priority-p1","Excel Developer","Phase 7: Excel"
"[EXCEL-03] Create by-Region Pivot Sheet","Create pivot table showing data by region. Rows: regions, Columns: months. Show sum of revenue and profit. Enable drill-down and refresh.","phase-7-excel,type-excel,priority-p1","Excel Developer","Phase 7: Excel"
"[EXCEL-04] Create by-Department Pivot Sheet","Create pivot table showing data by department. Rows: departments, Columns: months. Show sum and average. Calculate department totals.","phase-7-excel,type-excel,priority-p1","Excel Developer","Phase 7: Excel"
"[EXCEL-05] Create Refresh Data Button","Add macro button to Summary sheet for refreshing all Power Query connections. Display status message. Implement error handling.","phase-7-excel,type-excel,priority-p1","Excel Developer","Phase 7: Excel"
"[TEST-US2-01] Test User Story 2 - Excel Report","Test all Excel sheets and Power Query connections. Verify pivot table refreshes. Check refresh button. Confirm performance. Share with team.","phase-7-excel,type-excel,priority-p1","Quality Assurance","Phase 7: Excel"
"[REFRESH-01] Create PowerShell Refresh Execution Script","Create PowerShell script to execute data refresh. Implement error logging. Report completion status. Handle timeouts. Capture metrics.","phase-8-refresh,type-refresh,priority-p1","Automation Engineer","Phase 8: Refresh"
"[REFRESH-02] Configure Windows Task Scheduler","Configure Task Scheduler to run refresh script daily at 06:00 AM. Setup service account credentials. Enable retry logic (3 times).","phase-8-refresh,type-refresh,priority-p1","DevOps Lead","Phase 8: Refresh"
"[REFRESH-03] Log Monitoring & Verification","Setup monitoring for refresh logs. Create dashboard for refresh status. Configure failure alerts. Implement 90-day log retention.","phase-8-refresh,type-refresh,priority-p1","DevOps Lead","Phase 8: Refresh"
"[TEST-US3-01] Test User Story 3 - Automated Refresh","Test scheduled refresh execution. Verify data updates in all outputs. Check logs for errors. Test notifications. Verify rollback procedure.","phase-8-refresh,type-refresh,priority-p1","Quality Assurance","Phase 8: Refresh"
"[PROMOTE-01] Create Data Accuracy Validation Script","Create script comparing baseline SSAS data vs current data. Define variance threshold (< 0.1%). Setup automated alerts. Generate validation reports.","phase-9-promote,type-promotion,priority-p1","Quality Assurance","Phase 9: Promotion"
"[PROMOTE-02] Create GitHub PR Workflow & Checklist","Create PR template with checklist. Document code review guidelines. Define approval workflow. Specify testing requirements.","phase-9-promote,type-promotion,priority-p1","DevOps Lead","Phase 9: Promotion"
"[PROMOTE-03] Dev to UAT Promotion Test","Promote Power BI file, Excel template, and PowerShell scripts to UAT. Replicate SSAS configuration. Pass UAT validation. Verify with team.","phase-9-promote,type-promotion,priority-p1","DevOps Lead","Phase 9: Promotion"
"[PROMOTE-04] UAT to Prod Promotion","Promote all artifacts to Production. Deploy Power BI to Service. Deploy Excel to network. Deploy scripts to prod server. Pass prod validation.","phase-9-promote,type-promotion,priority-p1","DevOps Lead","Phase 9: Promotion"
"[TEST-US4-5-01] Test Promotion & Validation","Execute comprehensive testing post-promotion. Verify all artifacts in Prod. Validate data accuracy. Check security controls. Complete handoff to Operations.","phase-9-promote,type-promotion,priority-p1","Quality Assurance","Phase 9: Promotion"
"[SEC-01] Configure Power BI Row-Level Security","Implement RLS in Power BI Service with Manager, Analyst, Viewer roles. Manager sees all regions. Analyst sees assigned region. Viewer sees summary.","phase-9-security,type-security,priority-p1","Security Officer","Phase 9: Security"
"[SEC-02] Setup Audit Logging for Power BI","Enable audit logging in Power BI tenant. Log user access, refresh events, and report access. Configure 90-day retention.","phase-9-security,type-security,priority-p1","Security Officer","Phase 9: Security"
"[SEC-03] Document Security & Access Procedures","Document access request process, password policy, and MFA requirements. Create role definitions and security incident response plan.","phase-9-security,type-security,priority-p1","Security Officer","Phase 9: Security"
"[DOC-01] Create Deployment Guide","Create step-by-step deployment guide. Document environment-specific configs. Include prerequisites, troubleshooting, and screenshots.","phase-9-doc,type-documentation,priority-p1","Technical Writer","Phase 9: Documentation"
"[DOC-02] Create Troubleshooting Guide","Document common issues with symptoms and resolutions. Include log file locations and escalation paths. Update monthly.","phase-9-doc,type-documentation,priority-p1","Technical Writer","Phase 9: Documentation"
"[DOC-03] Create User Guide for Finance Team","Create user guide for dashboard navigation, metrics definitions, filter usage, and refresh procedures. Include FAQs and examples.","phase-9-doc,type-documentation,priority-p1","Technical Writer","Phase 9: Documentation"
"[DOC-04] Create Admin Runbook","Create operations runbook with weekly checks, monthly maintenance, backup procedures, monitoring setup, and emergency response procedures.","phase-9-doc,type-documentation,priority-p1","DevOps Lead","Phase 9: Documentation"
"[FINAL-01] End-to-End Integration Test","Execute final integration test. Verify all user stories. Test cross-system integration. Confirm performance under load. Test backup/recovery.","phase-9-final,type-test,priority-p1","Quality Assurance","Phase 9: Final"
"[FINAL-02] Production Deployment & Monitoring","Deploy to production. Activate monitoring dashboards. Configure alert thresholds. Establish on-call procedures. Complete post-deployment review.","phase-9-final,type-deployment,priority-p1","DevOps Lead","Phase 9: Final"
